{
    "doctype": "html",
    "html": {
      "lang": "en",
      "head": {
        "meta": [
          { "charset": "UTF-8" },
          { "http-equiv": "X-UA-Compatible", "content": "IE=edge" },
          { "name": "viewport", "content": "width=device-width, initial-scale=1.0" }
        ],
        "title": "About Us",
        "links": [
          {
            "rel": "stylesheet",
            "href": "https://cdnjs.cloudflare.com/ajax/libs/font-awesome/6.2.0/css/all.min.css"
          },
          { "rel": "stylesheet", "href": "css/style.css" }
        ]
      },
      "body": {
        "header": {
          "class": "header",
          "navbars": [
            {
              "class": "navbar nav-1",
              "content": {
                "logo": { "href": "home.html", "class": "logo", "text": "MyHome" },
                "links": [
                  {
                    "text": "post property",
                    "icon": "fas fa-paper-plane",
                    "href": "#"
                  }
                ]
              }
            },
            {
              "class": "navbar nav-2",
              "content": {
                "menuIcon": { "id": "menu-btn", "class": "fas fa-bars" },
                "menu": {
                  "sections": [
                    {
                      "title": "buy",
                      "icon": "fas fa-angle-down",
                      "subMenu": [
                        { "text": "house", "href": "#" },
                        { "text": "flat", "href": "#" },
                        { "text": "shop", "href": "#" },
                        { "text": "ready to move", "href": "#" },
                        { "text": "furnished", "href": "#" }
                      ]
                    },
                    {
                      "title": "sell",
                      "icon": "fas fa-angle-down",
                      "subMenu": [
                        { "text": "post property", "href": "#" },
                        { "text": "dashboard", "href": "#" }
                      ]
                    },
                    {
                      "title": "rent",
                      "subMenu": [
                        { "text": "house", "href": "#" },
                        { "text": "flat", "href": "#" },
                        { "text": "shop", "href": "#" }
                      ]
                    },
                    {
                      "title": "help",
                      "icon": "fas fa-angle-down",
                      "subMenu": [
                        { "text": "about us", "href": "about.html" },
                        { "text": "contact us", "href": "contact.html" },
                        { "text": "FAQ", "href": "contact.html#faq" }
                      ]
                    }
                  ]
                },
                "account": [
                  {
                    "text": "saved",
                    "icon": "far fa-heart",
                    "href": "#"
                  },
                  {
                    "text": "account",
                    "icon": "fas fa-angle-down",
                    "subMenu": [
                      { "text": "login", "href": "login.html" },
                      { "text": "register", "href": "register.html" }
                    ]
                  }
                ]
              }
            }
          ]
        },
        "sections": [
          {
            "type": "about",
            "content": {
              "image": { "src": "images/about-img.svg", "alt": "" },
              "text": {
                "title": "why choose us?",
                "description": "Lorem ipsum dolor sit amet consectetur adipisicing elit. Harum dolorem provident voluptatum distinctio laborum veritatis vitae suscipit praesentium fugiat unde?",
                "button": { "text": "contact us", "href": "contact.html" }
              }
            }
          },
          {
            "type": "steps",
            "title": "3 simple steps",
            "steps": [
              {
                "icon": "images/step-1.png",
                "title": "search property",
                "description": "Lorem ipsum dolor sit amet consectetur adipisicing elit. Magni, placeat."
              },
              {
                "icon": "images/step-2.png",
                "title": "contact agents",
                "description": "Lorem ipsum dolor sit amet consectetur adipisicing elit. Magni, placeat."
              },
              {
                "icon": "images/step-3.png",
                "title": "enjoy property",
                "description": "Lorem ipsum dolor sit amet consectetur adipisicing elit. Magni, placeat."
              }
            ]
          },
          {
            "type": "reviews",
            "title": "client's reviews",
            "reviews": [
              {
                "user": {
                  "image": "images/pic-1.png",
                  "name": "john deo",
                  "rating": 4.5
                },
                "comment": "Lorem ipsum dolor, sit amet consectetur adipisicing elit. Adipisci voluptates delectus distinctio quam sequi error eum suscipit tempore inventore ex!"
              }
            ]
          }
        ],
        "footer": {
          "content": {
            "contacts": [
              { "icon": "fas fa-phone", "text": "123456789", "href": "tel:123456789" },
              { "icon": "fas fa-phone", "text": "1112223333", "href": "tel:1112223333" },
              { "icon": "fas fa-envelope", "text": "shaikhanas@gmail.com", "href": "mailto:shaikhanas@gmail.com" }
            ],
            "links": [
              { "text": "home", "href": "home.html" },
              { "text": "about", "href": "about.html" },
              { "text": "contact", "href": "contact.html" },
              { "text": "all listings", "href": "listings.html" }
            ]
          }
        },
        "scripts": ["js/script.js"]
      }
    }
  }
  