{
    "doctype": "html",
    "lang": "en",
    "head": {
      "meta": [
        { "charset": "UTF-8" },
        { "http-equiv": "X-UA-Compatible", "content": "IE=edge" },
        { "name": "viewport", "content": "width=device-width, initial-scale=1.0" }
      ],
      "title": "Home",
      "links": [
        {
          "rel": "stylesheet",
          "href": "https://cdnjs.cloudflare.com/ajax/libs/font-awesome/6.2.0/css/all.min.css"
        },
        { "rel": "stylesheet", "href": "css/style.css" }
      ]
    },
    "body": {
      "header": {
        "class": "header",
        "nav": [
          {
            "class": "navbar nav-1",
            "section": {
              "class": "flex",
              "logo": { "href": "home.html", "text": "MyHome", "icon": "fas fa-house" },
              "links": [{ "text": "post property", "icon": "fas fa-paper-plane", "href": "#" }]
            }
          },
          {
            "class": "navbar nav-2",
            "section": {
              "class": "flex",
              "menu_button": { "id": "menu-btn", "icon": "fas fa-bars" },
              "menu": {
                "links": [
                  {
                    "text": "buy",
                    "submenu": [
                      { "text": "house", "href": "#" },
                      { "text": "flat", "href": "#" },
                      { "text": "shop", "href": "#" },
                      { "text": "ready to move", "href": "#" },
                      { "text": "furnished", "href": "#" }
                    ]
                  },
                  {
                    "text": "sell",
                    "submenu": [
                      { "text": "post property", "href": "#" },
                      { "text": "dashboard", "href": "#" }
                    ]
                  },
                  {
                    "text": "rent",
                    "submenu": [
                      { "text": "house", "href": "#" },
                      { "text": "flat", "href": "#" },
                      { "text": "shop", "href": "#" }
                    ]
                  },
                  {
                    "text": "help",
                    "submenu": [
                      { "text": "about us", "href": "about.html" },
                      { "text": "contact us", "href": "contact.html" },
                      { "text": "FAQ", "href": "contact.html#faq" }
                    ]
                  }
                ]
              },
              "account_links": [
                { "text": "saved", "icon": "far fa-heart", "href": "#" },
                {
                  "text": "account",
                  "submenu": [
                    { "text": "login", "href": "login.html" },
                    { "text": "register", "href": "register.html" }
                  ]
                }
              ]
            }
          }
        ]
      },
      "sections": [
        {
          "class": "home",
          "content": {
            "form": {
              "action": "search.html",
              "method": "post",
              "header": "find your perfect home",
              "fields": [
                {
                  "label": "enter location",
                  "type": "text",
                  "name": "location",
                  "required": true,
                  "placeholder": "enter city name",
                  "maxlength": 50
                },
                {
                  "label": "property type",
                  "type": "select",
                  "name": "type",
                  "required": true,
                  "options": ["flat", "house", "shop"]
                },
                {
                  "label": "how many BHK",
                  "type": "select",
                  "name": "bhk",
                  "required": true,
                  "options": [
                    "1 BHK",
                    "2 BHK",
                    "3 BHK",
                    "4 BHK",
                    "5 BHK",
                    "6 BHK",
                    "7 BHK",
                    "8 BHK",
                    "9 BHK"
                  ]
                },
                {
                  "label": "minimum budget",
                  "type": "select",
                  "name": "minimum",
                  "required": true,
                  "options": [
                    "5 lac",
                    "10 lac",
                    "20 lac",
                    "30 lac",
                    "40 lac",
                    "50 lac",
                    "1 Cr",
                    "2 Cr",
                    "5 Cr",
                    "10 Cr",
                    "20 Cr"
                  ]
                },
                {
                  "label": "maximum budget",
                  "type": "select",
                  "name": "maximum",
                  "required": true,
                  "options": [
                    "5 lac",
                    "10 lac",
                    "20 lac",
                    "30 lac",
                    "40 lac",
                    "50 lac",
                    "1 Cr",
                    "2 Cr",
                    "5 Cr",
                    "10 Cr",
                    "20 Cr"
                  ]
                }
              ],
              "submit": { "value": "search property", "class": "btn" }
            }
          }
        },
        {
          "class": "services",
          "header": "our services",
          "items": [
            { "icon": "images/icon-1.png", "title": "buy house", "description": "Lorem ipsum..." },
            { "icon": "images/icon-2.png", "title": "rent house", "description": "Lorem ipsum..." },
            { "icon": "images/icon-3.png", "title": "sell house", "description": "Lorem ipsum..." },
            {
              "icon": "images/icon-4.png",
              "title": "flats and buildings",
              "description": "Lorem ipsum..."
            },
            { "icon": "images/icon-5.png", "title": "shops and malls", "description": "Lorem ipsum..." },
            { "icon": "images/icon-6.png", "title": "24/7 service", "description": "Lorem ipsum..." }
          ]
        }
      ]
    }
  }
  